{
    "inform": {
        "precision": 0,
        "recall": 0,
        "f1-score": 0,
        "support": 6,
        "confused_with": {}
    },
    "deny": {
        "precision": 0.0,
        "recall": 0.0,
        "f1-score": 0.0,
        "support": 2,
        "confused_with": {
            "mood_unhappy": 1,
            "greet": 1
        }
    },
    "goodbye": {
        "precision": 0.375,
        "recall": 0.2727272727272727,
        "f1-score": 0.3157894736842105,
        "support": 11,
        "confused_with": {
            "greet": 5,
            "mood_unhappy": 2
        }
    },
    "mood_great": {
        "precision": 0.75,
        "recall": 0.6,
        "f1-score": 0.6666666666666665,
        "support": 5,
        "confused_with": {
            "mood_unhappy": 1,
            "greet": 1
        }
    },
    "bot_challenge": {
        "precision": 0.6666666666666666,
        "recall": 1.0,
        "f1-score": 0.8,
        "support": 4,
        "confused_with": {}
    },
    "greet": {
        "precision": 0.5333333333333333,
        "recall": 0.6153846153846154,
        "f1-score": 0.5714285714285715,
        "support": 13,
        "confused_with": {
            "goodbye": 3,
            "mood_great": 1
        }
    },
    "mood_unhappy": {
        "precision": 0.7333333333333333,
        "recall": 0.7857142857142857,
        "f1-score": 0.7586206896551724,
        "support": 14,
        "confused_with": {
            "goodbye": 2,
            "bot_challenge": 1
        }
    },
    "accuracy": 0.6363636363636364,
    "macro avg": {
        "precision": 0.5797619047619047,
        "recall": 0.6105465962608819,
        "f1-score": 0.5875007716335173,
        "support": 55
    },
    "weighted avg": {
        "precision": 0.6134848484848485,
        "recall": 0.6363636363636364,
        "f1-score": 0.6192050659564271,
        "support": 55
    }
}